id,address,urgency_level,time_window_start,time_window_end
201,Address 119,Low,13:00,17:00
202,Address 112,High,9:00,19:00
203,Address 107,Medium,9:00,20:00
204,Address 129,Medium,8:00,16:00
205,Address 106,Medium,12:00,17:00
206,Address 122,High,14:00,17:00
207,Address 126,High,10:00,17:00
208,Address 121,High,8:00,20:00
209,Address 120,Medium,7:00,20:00
210,Address 119,High,10:00,16:00
211,Address 105,Medium,7:00,17:00
212,Address 148,Medium,7:00,17:00
213,Address 111,Medium,9:00,18:00
214,Address 134,Medium,14:00,19:00
215,Address 123,Low,13:00,18:00
216,Address 118,High,8:00,17:00
217,Address 140,Low,11:00,19:00
218,Address 121,Medium,10:00,19:00
219,Address 135,Medium,11:00,16:00
220,Address 107,High,9:00,15:00
221,Address 119,Medium,7:00,18:00
222,Address 117,Low,8:00,19:00
223,Address 148,Low,7:00,20:00
224,Address 115,Low,9:00,18:00
225,Address 113,High,12:00,18:00
226,Address 106,Medium,9:00,18:00
227,Address 106,Medium,12:00,20:00
228,Address 107,Medium,7:00,18:00
229,Address 109,Low,11:00,17:00
230,Address 109,Low,10:00,20:00
231,Address 116,Low,8:00,15:00
232,Address 139,Low,7:00,16:00
233,Address 130,High,9:00,15:00
234,Address 106,Low,11:00,20:00
235,Address 132,High,11:00,17:00
236,Address 131,Medium,7:00,18:00
237,Address 121,Low,13:00,19:00
238,Address 101,Low,13:00,16:00
239,Address 120,Low,12:00,18:00
240,Address 136,Medium,14:00,15:00
241,Address 143,Medium,7:00,15:00
242,Address 134,Low,7:00,18:00
243,Address 147,High,9:00,15:00
244,Address 111,Low,8:00,18:00
245,Address 133,Low,12:00,18:00
246,Address 149,High,14:00,19:00
247,Address 125,Low,7:00,19:00
248,Address 121,High,13:00,16:00
249,Address 135,Low,12:00,17:00
250,Address 103,Medium,13:00,19:00
251,Address 117,Medium,10:00,16:00
252,Address 141,Medium,9:00,17:00
253,Address 139,Medium,14:00,20:00
254,Address 137,Medium,9:00,20:00
255,Address 120,Low,7:00,17:00
256,Address 150,Medium,10:00,16:00
257,Address 135,Medium,13:00,17:00
258,Address 103,Low,12:00,18:00
259,Address 117,Medium,9:00,18:00
260,Address 133,Medium,12:00,16:00
261,Address 146,Medium,14:00,17:00
262,Address 141,High,12:00,19:00
263,Address 128,Low,12:00,16:00
264,Address 101,Medium,13:00,18:00
265,Address 137,High,12:00,15:00
266,Address 134,Low,13:00,18:00
267,Address 117,Low,14:00,19:00
268,Address 122,High,13:00,17:00
269,Address 128,Medium,12:00,20:00
270,Address 145,Low,8:00,18:00
271,Address 122,Low,10:00,18:00
272,Address 140,Medium,8:00,17:00
273,Address 128,Medium,14:00,16:00
274,Address 103,Low,14:00,19:00
275,Address 133,Low,11:00,20:00
276,Address 131,Medium,12:00,16:00
277,Address 131,High,7:00,19:00
278,Address 102,Low,12:00,20:00
279,Address 147,High,10:00,17:00
280,Address 141,Low,8:00,20:00
281,Address 113,Medium,11:00,15:00
282,Address 118,Medium,12:00,15:00
283,Address 127,High,13:00,16:00
284,Address 145,Low,9:00,18:00
285,Address 105,Medium,10:00,15:00
286,Address 122,Low,11:00,20:00
287,Address 148,Medium,14:00,18:00
288,Address 136,High,7:00,15:00
289,Address 107,Low,11:00,18:00
290,Address 140,High,8:00,18:00
291,Address 110,High,7:00,17:00
292,Address 150,Medium,8:00,20:00
293,Address 106,Medium,9:00,17:00
294,Address 150,Low,10:00,19:00
295,Address 102,Medium,9:00,20:00
296,Address 140,High,10:00,16:00
297,Address 115,High,14:00,19:00
298,Address 111,Medium,8:00,20:00
299,Address 112,Low,8:00,20:00
300,Address 125,Low,14:00,18:00
